file,title,source,license,author,credit_required
music_amb_cellar.ogg,music amb cellar,tools/gen_music.gd,original,Bar Moshe (generated in code),no
music_amb_foundry.ogg,music amb foundry,tools/gen_music.gd,original,Bar Moshe (generated in code),no
music_amb_grove.ogg,music amb grove,tools/gen_music.gd,original,Bar Moshe (generated in code),no
music_amb_kernel.ogg,music amb kernel,tools/gen_music.gd,original,Bar Moshe (generated in code),no
music_amb_ring.ogg,music amb ring,tools/gen_music.gd,original,Bar Moshe (generated in code),no
music_boss_loop.ogg,music boss loop,tools/gen_music.gd,original,Bar Moshe (generated in code),no
music_boss_p2.ogg,music boss p2,tools/gen_music.gd,original,Bar Moshe (generated in code),no
music_boss_p3.ogg,music boss p3,tools/gen_music.gd,original,Bar Moshe (generated in code),no
music_cellar_base.ogg,music cellar base,tools/gen_music.gd,original,Bar Moshe (generated in code),no
music_cellar_drums.ogg,music cellar drums,tools/gen_music.gd,original,Bar Moshe (generated in code),no
music_cellar_lead.ogg,music cellar lead,tools/gen_music.gd,original,Bar Moshe (generated in code),no
music_foundry_base.ogg,music foundry base,tools/gen_music.gd,original,Bar Moshe (generated in code),no
music_foundry_drums.ogg,music foundry drums,tools/gen_music.gd,original,Bar Moshe (generated in code),no
music_foundry_lead.ogg,music foundry lead,tools/gen_music.gd,original,Bar Moshe (generated in code),no
music_grove_base.ogg,music grove base,tools/gen_music.gd,original,Bar Moshe (generated in code),no
music_grove_drums.ogg,music grove drums,tools/gen_music.gd,original,Bar Moshe (generated in code),no
music_grove_lead.ogg,music grove lead,tools/gen_music.gd,original,Bar Moshe (generated in code),no
music_kernel_base.ogg,music kernel base,tools/gen_music.gd,original,Bar Moshe (generated in code),no
music_kernel_drums.ogg,music kernel drums,tools/gen_music.gd,original,Bar Moshe (generated in code),no
music_kernel_lead.ogg,music kernel lead,tools/gen_music.gd,original,Bar Moshe (generated in code),no
music_mini_loop.ogg,music mini loop,tools/gen_music.gd,original,Bar Moshe (generated in code),no
music_mini_p2.ogg,music mini p2,tools/gen_music.gd,original,Bar Moshe (generated in code),no
music_shop.ogg,music shop,tools/gen_music.gd,original,Bar Moshe (generated in code),no
music_title.ogg,music title,tools/gen_music.gd,original,Bar Moshe (generated in code),no
sfx_altar.wav,sfx altar,tools/gen_audio.gd,original,Bar Moshe (generated in code),no
sfx_amb_clank.wav,sfx amb clank,tools/gen_audio.gd,original,Bar Moshe (generated in code),no
sfx_amb_clank_2.wav,sfx amb clank 2,tools/gen_audio.gd,original,Bar Moshe (generated in code),no
sfx_amb_clank_3.wav,sfx amb clank 3,tools/gen_audio.gd,original,Bar Moshe (generated in code),no
sfx_amb_creak.wav,sfx amb creak,tools/gen_audio.gd,original,Bar Moshe (generated in code),no
sfx_amb_creak_2.wav,sfx amb creak 2,tools/gen_audio.gd,original,Bar Moshe (generated in code),no
sfx_amb_drip.wav,sfx amb drip,tools/gen_audio.gd,original,Bar Moshe (generated in code),no
sfx_amb_drip_2.wav,sfx amb drip 2,tools/gen_audio.gd,original,Bar Moshe (generated in code),no
sfx_amb_drip_3.wav,sfx amb drip 3,tools/gen_audio.gd,original,Bar Moshe (generated in code),no
sfx_amb_drip_4.wav,sfx amb drip 4,tools/gen_audio.gd,original,Bar Moshe (generated in code),no
sfx_amb_glitch.wav,sfx amb glitch,tools/gen_audio.gd,original,Bar Moshe (generated in code),no
sfx_amb_glitch_2.wav,sfx amb glitch 2,tools/gen_audio.gd,original,Bar Moshe (generated in code),no
sfx_amb_glitch_3.wav,sfx amb glitch 3,tools/gen_audio.gd,original,Bar Moshe (generated in code),no
sfx_amb_nest.wav,sfx amb nest,tools/gen_audio.gd,original,Bar Moshe (generated in code),no
sfx_amb_nest_2.wav,sfx amb nest 2,tools/gen_audio.gd,original,Bar Moshe (generated in code),no
sfx_amb_page.wav,sfx amb page,tools/gen_audio.gd,original,Bar Moshe (generated in code),no
sfx_amb_page_2.wav,sfx amb page 2,tools/gen_audio.gd,original,Bar Moshe (generated in code),no
sfx_amb_page_3.wav,sfx amb page 3,tools/gen_audio.gd,original,Bar Moshe (generated in code),no
sfx_amb_rustle.wav,sfx amb rustle,tools/gen_audio.gd,original,Bar Moshe (generated in code),no
sfx_amb_rustle_2.wav,sfx amb rustle 2,tools/gen_audio.gd,original,Bar Moshe (generated in code),no
sfx_amb_rustle_3.wav,sfx amb rustle 3,tools/gen_audio.gd,original,Bar Moshe (generated in code),no
sfx_amb_spark.wav,sfx amb spark,tools/gen_audio.gd,original,Bar Moshe (generated in code),no
sfx_amb_spark_2.wav,sfx amb spark 2,tools/gen_audio.gd,original,Bar Moshe (generated in code),no
sfx_amb_spark_3.wav,sfx amb spark 3,tools/gen_audio.gd,original,Bar Moshe (generated in code),no
sfx_amb_steam.wav,sfx amb steam,tools/gen_audio.gd,original,Bar Moshe (generated in code),no
sfx_amb_steam_2.wav,sfx amb steam 2,tools/gen_audio.gd,original,Bar Moshe (generated in code),no
sfx_amb_steam_3.wav,sfx amb steam 3,tools/gen_audio.gd,original,Bar Moshe (generated in code),no
sfx_amb_tick.wav,sfx amb tick,tools/gen_audio.gd,original,Bar Moshe (generated in code),no
sfx_amb_tick_2.wav,sfx amb tick 2,tools/gen_audio.gd,original,Bar Moshe (generated in code),no
sfx_armor_break.wav,sfx armor break,tools/gen_audio.gd,original,Bar Moshe (generated in code),no
sfx_armor_break_2.wav,sfx armor break 2,tools/gen_audio.gd,original,Bar Moshe (generated in code),no
sfx_back_on_track.wav,sfx back on track,tools/gen_audio.gd,original,Bar Moshe (generated in code),no
sfx_beam.wav,sfx beam,tools/gen_audio.gd,original,Bar Moshe (generated in code),no
sfx_bigboom.wav,sfx bigboom,tools/gen_audio.gd,original,Bar Moshe (generated in code),no
sfx_blink_charge.wav,sfx blink charge,tools/gen_audio.gd,original,Bar Moshe (generated in code),no
sfx_blink_land.wav,sfx blink land,tools/gen_audio.gd,original,Bar Moshe (generated in code),no
sfx_blink_land_2.wav,sfx blink land 2,tools/gen_audio.gd,original,Bar Moshe (generated in code),no
sfx_bonk.wav,sfx bonk,tools/gen_audio.gd,original,Bar Moshe (generated in code),no
sfx_bonk_2.wav,sfx bonk 2,tools/gen_audio.gd,original,Bar Moshe (generated in code),no
sfx_boom.wav,sfx boom,tools/gen_audio.gd,original,Bar Moshe (generated in code),no
sfx_boom_2.wav,sfx boom 2,tools/gen_audio.gd,original,Bar Moshe (generated in code),no
sfx_boom_3.wav,sfx boom 3,tools/gen_audio.gd,original,Bar Moshe (generated in code),no
sfx_box_fill.wav,sfx box fill,tools/gen_audio.gd,original,Bar Moshe (generated in code),no
sfx_bramble_burn.wav,sfx bramble burn,tools/gen_audio.gd,original,Bar Moshe (generated in code),no
sfx_bramble_burn_2.wav,sfx bramble burn 2,tools/gen_audio.gd,original,Bar Moshe (generated in code),no
sfx_burn.wav,sfx burn,tools/gen_audio.gd,original,Bar Moshe (generated in code),no
sfx_burn_2.wav,sfx burn 2,tools/gen_audio.gd,original,Bar Moshe (generated in code),no
sfx_burn_3.wav,sfx burn 3,tools/gen_audio.gd,original,Bar Moshe (generated in code),no
sfx_buy.wav,sfx buy,tools/gen_audio.gd,original,Bar Moshe (generated in code),no
sfx_cast_arcane.wav,sfx cast arcane,tools/gen_audio.gd,original,Bar Moshe (generated in code),no
sfx_cast_arcane_2.wav,sfx cast arcane 2,tools/gen_audio.gd,original,Bar Moshe (generated in code),no
sfx_cast_arcane_3.wav,sfx cast arcane 3,tools/gen_audio.gd,original,Bar Moshe (generated in code),no
sfx_cast_arcane_heavy.wav,sfx cast arcane heavy,tools/gen_audio.gd,original,Bar Moshe (generated in code),no
sfx_cast_boom.wav,sfx cast boom,tools/gen_audio.gd,original,Bar Moshe (generated in code),no
sfx_cast_boom_2.wav,sfx cast boom 2,tools/gen_audio.gd,original,Bar Moshe (generated in code),no
sfx_cast_boom_3.wav,sfx cast boom 3,tools/gen_audio.gd,original,Bar Moshe (generated in code),no
sfx_cast_boom_heavy.wav,sfx cast boom heavy,tools/gen_audio.gd,original,Bar Moshe (generated in code),no
sfx_cast_carry.wav,sfx cast carry,tools/gen_audio.gd,original,Bar Moshe (generated in code),no
sfx_cast_carry_2.wav,sfx cast carry 2,tools/gen_audio.gd,original,Bar Moshe (generated in code),no
sfx_cast_carry_3.wav,sfx cast carry 3,tools/gen_audio.gd,original,Bar Moshe (generated in code),no
sfx_cast_carry_heavy.wav,sfx cast carry heavy,tools/gen_audio.gd,original,Bar Moshe (generated in code),no
sfx_cast_chain.wav,sfx cast chain,tools/gen_audio.gd,original,Bar Moshe (generated in code),no
sfx_cast_chain_2.wav,sfx cast chain 2,tools/gen_audio.gd,original,Bar Moshe (generated in code),no
sfx_cast_chain_3.wav,sfx cast chain 3,tools/gen_audio.gd,original,Bar Moshe (generated in code),no
sfx_cast_chain_heavy.wav,sfx cast chain heavy,tools/gen_audio.gd,original,Bar Moshe (generated in code),no
sfx_cast_delayed.wav,sfx cast delayed,tools/gen_audio.gd,original,Bar Moshe (generated in code),no
sfx_cast_fan.wav,sfx cast fan,tools/gen_audio.gd,original,Bar Moshe (generated in code),no
sfx_cast_fan_2.wav,sfx cast fan 2,tools/gen_audio.gd,original,Bar Moshe (generated in code),no
sfx_cast_fan_3.wav,sfx cast fan 3,tools/gen_audio.gd,original,Bar Moshe (generated in code),no
sfx_cast_fan_heavy.wav,sfx cast fan heavy,tools/gen_audio.gd,original,Bar Moshe (generated in code),no
sfx_cast_fire.wav,sfx cast fire,tools/gen_audio.gd,original,Bar Moshe (generated in code),no
sfx_cast_fire_2.wav,sfx cast fire 2,tools/gen_audio.gd,original,Bar Moshe (generated in code),no
sfx_cast_fire_3.wav,sfx cast fire 3,tools/gen_audio.gd,original,Bar Moshe (generated in code),no
sfx_cast_fire_heavy.wav,sfx cast fire heavy,tools/gen_audio.gd,original,Bar Moshe (generated in code),no
sfx_cast_ice.wav,sfx cast ice,tools/gen_audio.gd,original,Bar Moshe (generated in code),no
sfx_cast_ice_2.wav,sfx cast ice 2,tools/gen_audio.gd,original,Bar Moshe (generated in code),no
sfx_cast_ice_3.wav,sfx cast ice 3,tools/gen_audio.gd,original,Bar Moshe (generated in code),no
sfx_cast_ice_heavy.wav,sfx cast ice heavy,tools/gen_audio.gd,original,Bar Moshe (generated in code),no
sfx_cast_laser.wav,sfx cast laser,tools/gen_audio.gd,original,Bar Moshe (generated in code),no
sfx_cast_laser_2.wav,sfx cast laser 2,tools/gen_audio.gd,original,Bar Moshe (generated in code),no
sfx_cast_laser_3.wav,sfx cast laser 3,tools/gen_audio.gd,original,Bar Moshe (generated in code),no
sfx_cast_laser_heavy.wav,sfx cast laser heavy,tools/gen_audio.gd,original,Bar Moshe (generated in code),no
sfx_cast_mine.wav,sfx cast mine,tools/gen_audio.gd,original,Bar Moshe (generated in code),no
sfx_cast_mine_2.wav,sfx cast mine 2,tools/gen_audio.gd,original,Bar Moshe (generated in code),no
sfx_cast_mine_heavy.wav,sfx cast mine heavy,tools/gen_audio.gd,original,Bar Moshe (generated in code),no
sfx_cast_missile.wav,sfx cast missile,tools/gen_audio.gd,original,Bar Moshe (generated in code),no
sfx_cast_missile_2.wav,sfx cast missile 2,tools/gen_audio.gd,original,Bar Moshe (generated in code),no
sfx_cast_missile_3.wav,sfx cast missile 3,tools/gen_audio.gd,original,Bar Moshe (generated in code),no
sfx_cast_missile_heavy.wav,sfx cast missile heavy,tools/gen_audio.gd,original,Bar Moshe (generated in code),no
sfx_cast_needle.wav,sfx cast needle,tools/gen_audio.gd,original,Bar Moshe (generated in code),no
sfx_cast_needle_2.wav,sfx cast needle 2,tools/gen_audio.gd,original,Bar Moshe (generated in code),no
sfx_cast_needle_3.wav,sfx cast needle 3,tools/gen_audio.gd,original,Bar Moshe (generated in code),no
sfx_cast_needle_heavy.wav,sfx cast needle heavy,tools/gen_audio.gd,original,Bar Moshe (generated in code),no
sfx_cast_orbit.wav,sfx cast orbit,tools/gen_audio.gd,original,Bar Moshe (generated in code),no
sfx_cast_orbit_2.wav,sfx cast orbit 2,tools/gen_audio.gd,original,Bar Moshe (generated in code),no
sfx_cast_orbit_heavy.wav,sfx cast orbit heavy,tools/gen_audio.gd,original,Bar Moshe (generated in code),no
sfx_cast_ping.wav,sfx cast ping,tools/gen_audio.gd,original,Bar Moshe (generated in code),no
sfx_cast_ping_2.wav,sfx cast ping 2,tools/gen_audio.gd,original,Bar Moshe (generated in code),no
sfx_cast_ping_heavy.wav,sfx cast ping heavy,tools/gen_audio.gd,original,Bar Moshe (generated in code),no
sfx_cast_rot.wav,sfx cast rot,tools/gen_audio.gd,original,Bar Moshe (generated in code),no
sfx_cast_rot_2.wav,sfx cast rot 2,tools/gen_audio.gd,original,Bar Moshe (generated in code),no
sfx_cast_rot_heavy.wav,sfx cast rot heavy,tools/gen_audio.gd,original,Bar Moshe (generated in code),no
sfx_cast_spark.wav,sfx cast spark,tools/gen_audio.gd,original,Bar Moshe (generated in code),no
sfx_cast_spark_2.wav,sfx cast spark 2,tools/gen_audio.gd,original,Bar Moshe (generated in code),no
sfx_cast_spark_3.wav,sfx cast spark 3,tools/gen_audio.gd,original,Bar Moshe (generated in code),no
sfx_cast_spark_heavy.wav,sfx cast spark heavy,tools/gen_audio.gd,original,Bar Moshe (generated in code),no
sfx_cast_static.wav,sfx cast static,tools/gen_audio.gd,original,Bar Moshe (generated in code),no
sfx_cast_static_2.wav,sfx cast static 2,tools/gen_audio.gd,original,Bar Moshe (generated in code),no
sfx_cast_static_3.wav,sfx cast static 3,tools/gen_audio.gd,original,Bar Moshe (generated in code),no
sfx_cast_static_heavy.wav,sfx cast static heavy,tools/gen_audio.gd,original,Bar Moshe (generated in code),no
sfx_cast_summon.wav,sfx cast summon,tools/gen_audio.gd,original,Bar Moshe (generated in code),no
sfx_cast_summon_2.wav,sfx cast summon 2,tools/gen_audio.gd,original,Bar Moshe (generated in code),no
sfx_cast_summon_heavy.wav,sfx cast summon heavy,tools/gen_audio.gd,original,Bar Moshe (generated in code),no
sfx_cast_void.wav,sfx cast void,tools/gen_audio.gd,original,Bar Moshe (generated in code),no
sfx_cast_void_2.wav,sfx cast void 2,tools/gen_audio.gd,original,Bar Moshe (generated in code),no
sfx_cast_void_heavy.wav,sfx cast void heavy,tools/gen_audio.gd,original,Bar Moshe (generated in code),no
sfx_cast_wall.wav,sfx cast wall,tools/gen_audio.gd,original,Bar Moshe (generated in code),no
sfx_cast_wall_2.wav,sfx cast wall 2,tools/gen_audio.gd,original,Bar Moshe (generated in code),no
sfx_cast_wall_heavy.wav,sfx cast wall heavy,tools/gen_audio.gd,original,Bar Moshe (generated in code),no
sfx_caught.wav,sfx caught,tools/gen_audio.gd,original,Bar Moshe (generated in code),no
sfx_charge.wav,sfx charge,tools/gen_audio.gd,original,Bar Moshe (generated in code),no
sfx_charge_2.wav,sfx charge 2,tools/gen_audio.gd,original,Bar Moshe (generated in code),no
sfx_chest.wav,sfx chest,tools/gen_audio.gd,original,Bar Moshe (generated in code),no
sfx_choked.wav,sfx choked,tools/gen_audio.gd,original,Bar Moshe (generated in code),no
sfx_chomp.wav,sfx chomp,tools/gen_audio.gd,original,Bar Moshe (generated in code),no
sfx_chomp_2.wav,sfx chomp 2,tools/gen_audio.gd,original,Bar Moshe (generated in code),no
sfx_coin.wav,sfx coin,tools/gen_audio.gd,original,Bar Moshe (generated in code),no
sfx_coin_2.wav,sfx coin 2,tools/gen_audio.gd,original,Bar Moshe (generated in code),no
sfx_coin_3.wav,sfx coin 3,tools/gen_audio.gd,original,Bar Moshe (generated in code),no
sfx_compile.wav,sfx compile,tools/gen_audio.gd,original,Bar Moshe (generated in code),no
sfx_copy_cast.wav,sfx copy cast,tools/gen_audio.gd,original,Bar Moshe (generated in code),no
sfx_crack_open.wav,sfx crack open,tools/gen_audio.gd,original,Bar Moshe (generated in code),no
sfx_crash.wav,sfx crash,tools/gen_audio.gd,original,Bar Moshe (generated in code),no
sfx_crash_2.wav,sfx crash 2,tools/gen_audio.gd,original,Bar Moshe (generated in code),no
sfx_crash_3.wav,sfx crash 3,tools/gen_audio.gd,original,Bar Moshe (generated in code),no
sfx_crate.wav,sfx crate,tools/gen_audio.gd,original,Bar Moshe (generated in code),no
sfx_crate_2.wav,sfx crate 2,tools/gen_audio.gd,original,Bar Moshe (generated in code),no
sfx_crate_3.wav,sfx crate 3,tools/gen_audio.gd,original,Bar Moshe (generated in code),no
sfx_crit.wav,sfx crit,tools/gen_audio.gd,original,Bar Moshe (generated in code),no
sfx_crit_2.wav,sfx crit 2,tools/gen_audio.gd,original,Bar Moshe (generated in code),no
sfx_crit_3.wav,sfx crit 3,tools/gen_audio.gd,original,Bar Moshe (generated in code),no
sfx_ctrl_z.wav,sfx ctrl z,tools/gen_audio.gd,original,Bar Moshe (generated in code),no
sfx_dash.wav,sfx dash,tools/gen_audio.gd,original,Bar Moshe (generated in code),no
sfx_dash_2.wav,sfx dash 2,tools/gen_audio.gd,original,Bar Moshe (generated in code),no
sfx_dash_3.wav,sfx dash 3,tools/gen_audio.gd,original,Bar Moshe (generated in code),no
sfx_deny.wav,sfx deny,tools/gen_audio.gd,original,Bar Moshe (generated in code),no
sfx_derail.wav,sfx derail,tools/gen_audio.gd,original,Bar Moshe (generated in code),no
sfx_die.wav,sfx die,tools/gen_audio.gd,original,Bar Moshe (generated in code),no
sfx_diff_burn.wav,sfx diff burn,tools/gen_audio.gd,original,Bar Moshe (generated in code),no
sfx_diff_burn_2.wav,sfx diff burn 2,tools/gen_audio.gd,original,Bar Moshe (generated in code),no
sfx_diff_warn.wav,sfx diff warn,tools/gen_audio.gd,original,Bar Moshe (generated in code),no
sfx_door.wav,sfx door,tools/gen_audio.gd,original,Bar Moshe (generated in code),no
sfx_door_shut.wav,sfx door shut,tools/gen_audio.gd,original,Bar Moshe (generated in code),no
sfx_duck_say.wav,sfx duck say,tools/gen_audio.gd,original,Bar Moshe (generated in code),no
sfx_duck_say_2.wav,sfx duck say 2,tools/gen_audio.gd,original,Bar Moshe (generated in code),no
sfx_duck_say_3.wav,sfx duck say 3,tools/gen_audio.gd,original,Bar Moshe (generated in code),no
sfx_duck_soak.wav,sfx duck soak,tools/gen_audio.gd,original,Bar Moshe (generated in code),no
sfx_duck_soak_2.wav,sfx duck soak 2,tools/gen_audio.gd,original,Bar Moshe (generated in code),no
sfx_duck_soak_3.wav,sfx duck soak 3,tools/gen_audio.gd,original,Bar Moshe (generated in code),no
sfx_elite_arrive.wav,sfx elite arrive,tools/gen_audio.gd,original,Bar Moshe (generated in code),no
sfx_eshot.wav,sfx eshot,tools/gen_audio.gd,original,Bar Moshe (generated in code),no
sfx_eshot_2.wav,sfx eshot 2,tools/gen_audio.gd,original,Bar Moshe (generated in code),no
sfx_eshot_3.wav,sfx eshot 3,tools/gen_audio.gd,original,Bar Moshe (generated in code),no
sfx_eshot_laser.wav,sfx eshot laser,tools/gen_audio.gd,original,Bar Moshe (generated in code),no
sfx_eshot_laser_2.wav,sfx eshot laser 2,tools/gen_audio.gd,original,Bar Moshe (generated in code),no
sfx_eshot_ring.wav,sfx eshot ring,tools/gen_audio.gd,original,Bar Moshe (generated in code),no
sfx_eshot_ring_2.wav,sfx eshot ring 2,tools/gen_audio.gd,original,Bar Moshe (generated in code),no
sfx_familiar_end.wav,sfx familiar end,tools/gen_audio.gd,original,Bar Moshe (generated in code),no
sfx_fizzle.wav,sfx fizzle,tools/gen_audio.gd,original,Bar Moshe (generated in code),no
sfx_fizzle_2.wav,sfx fizzle 2,tools/gen_audio.gd,original,Bar Moshe (generated in code),no
sfx_forge.wav,sfx forge,tools/gen_audio.gd,original,Bar Moshe (generated in code),no
sfx_forge_2.wav,sfx forge 2,tools/gen_audio.gd,original,Bar Moshe (generated in code),no
sfx_freeze.wav,sfx freeze,tools/gen_audio.gd,original,Bar Moshe (generated in code),no
sfx_freeze_2.wav,sfx freeze 2,tools/gen_audio.gd,original,Bar Moshe (generated in code),no
sfx_fuse.wav,sfx fuse,tools/gen_audio.gd,original,Bar Moshe (generated in code),no
sfx_fuse_pop.wav,sfx fuse pop,tools/gen_audio.gd,original,Bar Moshe (generated in code),no
sfx_fuse_pop_2.wav,sfx fuse pop 2,tools/gen_audio.gd,original,Bar Moshe (generated in code),no
sfx_glitch_say.wav,sfx glitch say,tools/gen_audio.gd,original,Bar Moshe (generated in code),no
sfx_glitch_say_2.wav,sfx glitch say 2,tools/gen_audio.gd,original,Bar Moshe (generated in code),no
sfx_glitch_say_3.wav,sfx glitch say 3,tools/gen_audio.gd,original,Bar Moshe (generated in code),no
sfx_glitch_toll.wav,sfx glitch toll,tools/gen_audio.gd,original,Bar Moshe (generated in code),no
sfx_glitch_unwind.wav,sfx glitch unwind,tools/gen_audio.gd,original,Bar Moshe (generated in code),no
sfx_graze.wav,sfx graze,tools/gen_audio.gd,original,Bar Moshe (generated in code),no
sfx_graze_2.wav,sfx graze 2,tools/gen_audio.gd,original,Bar Moshe (generated in code),no
sfx_gulp.wav,sfx gulp,tools/gen_audio.gd,original,Bar Moshe (generated in code),no
sfx_gulp_2.wav,sfx gulp 2,tools/gen_audio.gd,original,Bar Moshe (generated in code),no
sfx_heal.wav,sfx heal,tools/gen_audio.gd,original,Bar Moshe (generated in code),no
sfx_heal_small.wav,sfx heal small,tools/gen_audio.gd,original,Bar Moshe (generated in code),no
sfx_heal_small_2.wav,sfx heal small 2,tools/gen_audio.gd,original,Bar Moshe (generated in code),no
sfx_heart.wav,sfx heart,tools/gen_audio.gd,original,Bar Moshe (generated in code),no
sfx_hint.wav,sfx hint,tools/gen_audio.gd,original,Bar Moshe (generated in code),no
sfx_hit.wav,sfx hit,tools/gen_audio.gd,original,Bar Moshe (generated in code),no
sfx_hit_2.wav,sfx hit 2,tools/gen_audio.gd,original,Bar Moshe (generated in code),no
sfx_hit_3.wav,sfx hit 3,tools/gen_audio.gd,original,Bar Moshe (generated in code),no
sfx_hit_4.wav,sfx hit 4,tools/gen_audio.gd,original,Bar Moshe (generated in code),no
sfx_hit_arcane.wav,sfx hit arcane,tools/gen_audio.gd,original,Bar Moshe (generated in code),no
sfx_hit_arcane_2.wav,sfx hit arcane 2,tools/gen_audio.gd,original,Bar Moshe (generated in code),no
sfx_hit_arcane_3.wav,sfx hit arcane 3,tools/gen_audio.gd,original,Bar Moshe (generated in code),no
sfx_hit_armor.wav,sfx hit armor,tools/gen_audio.gd,original,Bar Moshe (generated in code),no
sfx_hit_armor_2.wav,sfx hit armor 2,tools/gen_audio.gd,original,Bar Moshe (generated in code),no
sfx_hit_armor_3.wav,sfx hit armor 3,tools/gen_audio.gd,original,Bar Moshe (generated in code),no
sfx_hit_fire.wav,sfx hit fire,tools/gen_audio.gd,original,Bar Moshe (generated in code),no
sfx_hit_fire_2.wav,sfx hit fire 2,tools/gen_audio.gd,original,Bar Moshe (generated in code),no
sfx_hit_fire_3.wav,sfx hit fire 3,tools/gen_audio.gd,original,Bar Moshe (generated in code),no
sfx_hit_fire_4.wav,sfx hit fire 4,tools/gen_audio.gd,original,Bar Moshe (generated in code),no
sfx_hit_heavy.wav,sfx hit heavy,tools/gen_audio.gd,original,Bar Moshe (generated in code),no
sfx_hit_heavy_2.wav,sfx hit heavy 2,tools/gen_audio.gd,original,Bar Moshe (generated in code),no
sfx_hit_heavy_3.wav,sfx hit heavy 3,tools/gen_audio.gd,original,Bar Moshe (generated in code),no
sfx_hit_ice.wav,sfx hit ice,tools/gen_audio.gd,original,Bar Moshe (generated in code),no
sfx_hit_ice_2.wav,sfx hit ice 2,tools/gen_audio.gd,original,Bar Moshe (generated in code),no
sfx_hit_ice_3.wav,sfx hit ice 3,tools/gen_audio.gd,original,Bar Moshe (generated in code),no
sfx_hit_ice_4.wav,sfx hit ice 4,tools/gen_audio.gd,original,Bar Moshe (generated in code),no
sfx_hit_proxy.wav,sfx hit proxy,tools/gen_audio.gd,original,Bar Moshe (generated in code),no
sfx_hit_proxy_2.wav,sfx hit proxy 2,tools/gen_audio.gd,original,Bar Moshe (generated in code),no
sfx_hit_proxy_3.wav,sfx hit proxy 3,tools/gen_audio.gd,original,Bar Moshe (generated in code),no
sfx_hit_rot.wav,sfx hit rot,tools/gen_audio.gd,original,Bar Moshe (generated in code),no
sfx_hit_rot_2.wav,sfx hit rot 2,tools/gen_audio.gd,original,Bar Moshe (generated in code),no
sfx_hit_rot_3.wav,sfx hit rot 3,tools/gen_audio.gd,original,Bar Moshe (generated in code),no
sfx_hit_shield.wav,sfx hit shield,tools/gen_audio.gd,original,Bar Moshe (generated in code),no
sfx_hit_shield_2.wav,sfx hit shield 2,tools/gen_audio.gd,original,Bar Moshe (generated in code),no
sfx_hit_shield_3.wav,sfx hit shield 3,tools/gen_audio.gd,original,Bar Moshe (generated in code),no
sfx_hit_static.wav,sfx hit static,tools/gen_audio.gd,original,Bar Moshe (generated in code),no
sfx_hit_static_2.wav,sfx hit static 2,tools/gen_audio.gd,original,Bar Moshe (generated in code),no
sfx_hit_static_3.wav,sfx hit static 3,tools/gen_audio.gd,original,Bar Moshe (generated in code),no
sfx_hit_static_4.wav,sfx hit static 4,tools/gen_audio.gd,original,Bar Moshe (generated in code),no
sfx_hit_void.wav,sfx hit void,tools/gen_audio.gd,original,Bar Moshe (generated in code),no
sfx_hit_void_2.wav,sfx hit void 2,tools/gen_audio.gd,original,Bar Moshe (generated in code),no
sfx_hit_void_3.wav,sfx hit void 3,tools/gen_audio.gd,original,Bar Moshe (generated in code),no
sfx_hit_ward.wav,sfx hit ward,tools/gen_audio.gd,original,Bar Moshe (generated in code),no
sfx_hit_ward_2.wav,sfx hit ward 2,tools/gen_audio.gd,original,Bar Moshe (generated in code),no
sfx_hit_ward_3.wav,sfx hit ward 3,tools/gen_audio.gd,original,Bar Moshe (generated in code),no
sfx_hurt.wav,sfx hurt,tools/gen_audio.gd,original,Bar Moshe (generated in code),no
sfx_hurt_2.wav,sfx hurt 2,tools/gen_audio.gd,original,Bar Moshe (generated in code),no
sfx_hurt_3.wav,sfx hurt 3,tools/gen_audio.gd,original,Bar Moshe (generated in code),no
sfx_interrupt_free.wav,sfx interrupt free,tools/gen_audio.gd,original,Bar Moshe (generated in code),no
sfx_interrupt_lock.wav,sfx interrupt lock,tools/gen_audio.gd,original,Bar Moshe (generated in code),no
sfx_key_turn.wav,sfx key turn,tools/gen_audio.gd,original,Bar Moshe (generated in code),no
sfx_kill.wav,sfx kill,tools/gen_audio.gd,original,Bar Moshe (generated in code),no
sfx_kill_2.wav,sfx kill 2,tools/gen_audio.gd,original,Bar Moshe (generated in code),no
sfx_kill_3.wav,sfx kill 3,tools/gen_audio.gd,original,Bar Moshe (generated in code),no
sfx_kill_big.wav,sfx kill big,tools/gen_audio.gd,original,Bar Moshe (generated in code),no
sfx_kill_big_2.wav,sfx kill big 2,tools/gen_audio.gd,original,Bar Moshe (generated in code),no
sfx_kill_burn.wav,sfx kill burn,tools/gen_audio.gd,original,Bar Moshe (generated in code),no
sfx_kill_burn_2.wav,sfx kill burn 2,tools/gen_audio.gd,original,Bar Moshe (generated in code),no
sfx_kill_burn_3.wav,sfx kill burn 3,tools/gen_audio.gd,original,Bar Moshe (generated in code),no
sfx_kill_mid.wav,sfx kill mid,tools/gen_audio.gd,original,Bar Moshe (generated in code),no
sfx_kill_mid_2.wav,sfx kill mid 2,tools/gen_audio.gd,original,Bar Moshe (generated in code),no
sfx_kill_mid_3.wav,sfx kill mid 3,tools/gen_audio.gd,original,Bar Moshe (generated in code),no
sfx_kill_shatter.wav,sfx kill shatter,tools/gen_audio.gd,original,Bar Moshe (generated in code),no
sfx_kill_shatter_2.wav,sfx kill shatter 2,tools/gen_audio.gd,original,Bar Moshe (generated in code),no
sfx_kill_shatter_3.wav,sfx kill shatter 3,tools/gen_audio.gd,original,Bar Moshe (generated in code),no
sfx_kill_spark.wav,sfx kill spark,tools/gen_audio.gd,original,Bar Moshe (generated in code),no
sfx_kill_spark_2.wav,sfx kill spark 2,tools/gen_audio.gd,original,Bar Moshe (generated in code),no
sfx_kill_spark_3.wav,sfx kill spark 3,tools/gen_audio.gd,original,Bar Moshe (generated in code),no
sfx_leak_drip.wav,sfx leak drip,tools/gen_audio.gd,original,Bar Moshe (generated in code),no
sfx_leak_drip_2.wav,sfx leak drip 2,tools/gen_audio.gd,original,Bar Moshe (generated in code),no
sfx_leak_drip_3.wav,sfx leak drip 3,tools/gen_audio.gd,original,Bar Moshe (generated in code),no
sfx_leak_dry.wav,sfx leak dry,tools/gen_audio.gd,original,Bar Moshe (generated in code),no
sfx_leak_dry_2.wav,sfx leak dry 2,tools/gen_audio.gd,original,Bar Moshe (generated in code),no
sfx_levelup.wav,sfx levelup,tools/gen_audio.gd,original,Bar Moshe (generated in code),no
sfx_locked.wav,sfx locked,tools/gen_audio.gd,original,Bar Moshe (generated in code),no
sfx_locked_2.wav,sfx locked 2,tools/gen_audio.gd,original,Bar Moshe (generated in code),no
sfx_loop_jr.wav,sfx loop jr,tools/gen_audio.gd,original,Bar Moshe (generated in code),no
sfx_low_hp.wav,sfx low hp,tools/gen_audio.gd,original,Bar Moshe (generated in code),no
sfx_low_hp_2.wav,sfx low hp 2,tools/gen_audio.gd,original,Bar Moshe (generated in code),no
sfx_mana_empty.wav,sfx mana empty,tools/gen_audio.gd,original,Bar Moshe (generated in code),no
sfx_mana_empty_2.wav,sfx mana empty 2,tools/gen_audio.gd,original,Bar Moshe (generated in code),no
sfx_null_aim.wav,sfx null aim,tools/gen_audio.gd,original,Bar Moshe (generated in code),no
sfx_null_blink.wav,sfx null blink,tools/gen_audio.gd,original,Bar Moshe (generated in code),no
sfx_null_blink_2.wav,sfx null blink 2,tools/gen_audio.gd,original,Bar Moshe (generated in code),no
sfx_page_take.wav,sfx page take,tools/gen_audio.gd,original,Bar Moshe (generated in code),no
sfx_panic.wav,sfx panic,tools/gen_audio.gd,original,Bar Moshe (generated in code),no
sfx_paste.wav,sfx paste,tools/gen_audio.gd,original,Bar Moshe (generated in code),no
sfx_phase.wav,sfx phase,tools/gen_audio.gd,original,Bar Moshe (generated in code),no
sfx_pick.wav,sfx pick,tools/gen_audio.gd,original,Bar Moshe (generated in code),no
sfx_pit_fall.wav,sfx pit fall,tools/gen_audio.gd,original,Bar Moshe (generated in code),no
sfx_pod_pop.wav,sfx pod pop,tools/gen_audio.gd,original,Bar Moshe (generated in code),no
sfx_pod_pop_2.wav,sfx pod pop 2,tools/gen_audio.gd,original,Bar Moshe (generated in code),no
sfx_pylon.wav,sfx pylon,tools/gen_audio.gd,original,Bar Moshe (generated in code),no
sfx_race_cross.wav,sfx race cross,tools/gen_audio.gd,original,Bar Moshe (generated in code),no
sfx_race_cross_2.wav,sfx race cross 2,tools/gen_audio.gd,original,Bar Moshe (generated in code),no
sfx_race_respawn.wav,sfx race respawn,tools/gen_audio.gd,original,Bar Moshe (generated in code),no
sfx_relic_proc.wav,sfx relic proc,tools/gen_audio.gd,original,Bar Moshe (generated in code),no
sfx_relic_proc_2.wav,sfx relic proc 2,tools/gen_audio.gd,original,Bar Moshe (generated in code),no
sfx_resident_free.wav,sfx resident free,tools/gen_audio.gd,original,Bar Moshe (generated in code),no
sfx_revert_spawn.wav,sfx revert spawn,tools/gen_audio.gd,original,Bar Moshe (generated in code),no
sfx_revert_take.wav,sfx revert take,tools/gen_audio.gd,original,Bar Moshe (generated in code),no
sfx_roar.wav,sfx roar,tools/gen_audio.gd,original,Bar Moshe (generated in code),no
sfx_secret.wav,sfx secret,tools/gen_audio.gd,original,Bar Moshe (generated in code),no
sfx_segment_break.wav,sfx segment break,tools/gen_audio.gd,original,Bar Moshe (generated in code),no
sfx_segment_break_2.wav,sfx segment break 2,tools/gen_audio.gd,original,Bar Moshe (generated in code),no
sfx_select_all.wav,sfx select all,tools/gen_audio.gd,original,Bar Moshe (generated in code),no
sfx_shield_break.wav,sfx shield break,tools/gen_audio.gd,original,Bar Moshe (generated in code),no
sfx_shield_break_2.wav,sfx shield break 2,tools/gen_audio.gd,original,Bar Moshe (generated in code),no
sfx_shield_soak.wav,sfx shield soak,tools/gen_audio.gd,original,Bar Moshe (generated in code),no
sfx_shield_soak_2.wav,sfx shield soak 2,tools/gen_audio.gd,original,Bar Moshe (generated in code),no
sfx_skin_equip.wav,sfx skin equip,tools/gen_audio.gd,original,Bar Moshe (generated in code),no
sfx_skin_equip_2.wav,sfx skin equip 2,tools/gen_audio.gd,original,Bar Moshe (generated in code),no
sfx_slam.wav,sfx slam,tools/gen_audio.gd,original,Bar Moshe (generated in code),no
sfx_slam_2.wav,sfx slam 2,tools/gen_audio.gd,original,Bar Moshe (generated in code),no
sfx_spawn.wav,sfx spawn,tools/gen_audio.gd,original,Bar Moshe (generated in code),no
sfx_split.wav,sfx split,tools/gen_audio.gd,original,Bar Moshe (generated in code),no
sfx_split_2.wav,sfx split 2,tools/gen_audio.gd,original,Bar Moshe (generated in code),no
sfx_step_metal.wav,sfx step metal,tools/gen_audio.gd,original,Bar Moshe (generated in code),no
sfx_step_metal_2.wav,sfx step metal 2,tools/gen_audio.gd,original,Bar Moshe (generated in code),no
sfx_step_metal_3.wav,sfx step metal 3,tools/gen_audio.gd,original,Bar Moshe (generated in code),no
sfx_step_metal_4.wav,sfx step metal 4,tools/gen_audio.gd,original,Bar Moshe (generated in code),no
sfx_step_moss.wav,sfx step moss,tools/gen_audio.gd,original,Bar Moshe (generated in code),no
sfx_step_moss_2.wav,sfx step moss 2,tools/gen_audio.gd,original,Bar Moshe (generated in code),no
sfx_step_moss_3.wav,sfx step moss 3,tools/gen_audio.gd,original,Bar Moshe (generated in code),no
sfx_step_moss_4.wav,sfx step moss 4,tools/gen_audio.gd,original,Bar Moshe (generated in code),no
sfx_step_stone.wav,sfx step stone,tools/gen_audio.gd,original,Bar Moshe (generated in code),no
sfx_step_stone_2.wav,sfx step stone 2,tools/gen_audio.gd,original,Bar Moshe (generated in code),no
sfx_step_stone_3.wav,sfx step stone 3,tools/gen_audio.gd,original,Bar Moshe (generated in code),no
sfx_step_stone_4.wav,sfx step stone 4,tools/gen_audio.gd,original,Bar Moshe (generated in code),no
sfx_summon.wav,sfx summon,tools/gen_audio.gd,original,Bar Moshe (generated in code),no
sfx_summon_2.wav,sfx summon 2,tools/gen_audio.gd,original,Bar Moshe (generated in code),no
sfx_swap.wav,sfx swap,tools/gen_audio.gd,original,Bar Moshe (generated in code),no
sfx_tele.wav,sfx tele,tools/gen_audio.gd,original,Bar Moshe (generated in code),no
sfx_tele_boss.wav,sfx tele boss,tools/gen_audio.gd,original,Bar Moshe (generated in code),no
sfx_tele_charge.wav,sfx tele charge,tools/gen_audio.gd,original,Bar Moshe (generated in code),no
sfx_tele_collect.wav,sfx tele collect,tools/gen_audio.gd,original,Bar Moshe (generated in code),no
sfx_tele_lap.wav,sfx tele lap,tools/gen_audio.gd,original,Bar Moshe (generated in code),no
sfx_tele_slam.wav,sfx tele slam,tools/gen_audio.gd,original,Bar Moshe (generated in code),no
sfx_tele_sweep.wav,sfx tele sweep,tools/gen_audio.gd,original,Bar Moshe (generated in code),no
sfx_thermal.wav,sfx thermal,tools/gen_audio.gd,original,Bar Moshe (generated in code),no
sfx_thermal_2.wav,sfx thermal 2,tools/gen_audio.gd,original,Bar Moshe (generated in code),no
sfx_thorns.wav,sfx thorns,tools/gen_audio.gd,original,Bar Moshe (generated in code),no
sfx_thorns_2.wav,sfx thorns 2,tools/gen_audio.gd,original,Bar Moshe (generated in code),no
sfx_thorns_spark.wav,sfx thorns spark,tools/gen_audio.gd,original,Bar Moshe (generated in code),no
sfx_thorns_spark_2.wav,sfx thorns spark 2,tools/gen_audio.gd,original,Bar Moshe (generated in code),no
sfx_tip.wav,sfx tip,tools/gen_audio.gd,original,Bar Moshe (generated in code),no
sfx_trail_loop.wav,sfx trail loop,tools/gen_audio.gd,original,Bar Moshe (generated in code),no
sfx_trash.wav,sfx trash,tools/gen_audio.gd,original,Bar Moshe (generated in code),no
sfx_trigger.wav,sfx trigger,tools/gen_audio.gd,original,Bar Moshe (generated in code),no
sfx_trigger_2.wav,sfx trigger 2,tools/gen_audio.gd,original,Bar Moshe (generated in code),no
sfx_ui.wav,sfx ui,tools/gen_audio.gd,original,Bar Moshe (generated in code),no
sfx_ui_2.wav,sfx ui 2,tools/gen_audio.gd,original,Bar Moshe (generated in code),no
sfx_ui_back.wav,sfx ui back,tools/gen_audio.gd,original,Bar Moshe (generated in code),no
sfx_ui_back_2.wav,sfx ui back 2,tools/gen_audio.gd,original,Bar Moshe (generated in code),no
sfx_ui_close.wav,sfx ui close,tools/gen_audio.gd,original,Bar Moshe (generated in code),no
sfx_ui_close_2.wav,sfx ui close 2,tools/gen_audio.gd,original,Bar Moshe (generated in code),no
sfx_ui_confirm.wav,sfx ui confirm,tools/gen_audio.gd,original,Bar Moshe (generated in code),no
sfx_ui_drag.wav,sfx ui drag,tools/gen_audio.gd,original,Bar Moshe (generated in code),no
sfx_ui_drop.wav,sfx ui drop,tools/gen_audio.gd,original,Bar Moshe (generated in code),no
sfx_ui_drop_2.wav,sfx ui drop 2,tools/gen_audio.gd,original,Bar Moshe (generated in code),no
sfx_ui_equip.wav,sfx ui equip,tools/gen_audio.gd,original,Bar Moshe (generated in code),no
sfx_ui_equip_2.wav,sfx ui equip 2,tools/gen_audio.gd,original,Bar Moshe (generated in code),no
sfx_ui_open.wav,sfx ui open,tools/gen_audio.gd,original,Bar Moshe (generated in code),no
sfx_ui_open_2.wav,sfx ui open 2,tools/gen_audio.gd,original,Bar Moshe (generated in code),no
sfx_ui_pick.wav,sfx ui pick,tools/gen_audio.gd,original,Bar Moshe (generated in code),no
sfx_ui_pick_2.wav,sfx ui pick 2,tools/gen_audio.gd,original,Bar Moshe (generated in code),no
sfx_unlock.wav,sfx unlock,tools/gen_audio.gd,original,Bar Moshe (generated in code),no
sfx_wand_recharge.wav,sfx wand recharge,tools/gen_audio.gd,original,Bar Moshe (generated in code),no
sfx_ward_break.wav,sfx ward break,tools/gen_audio.gd,original,Bar Moshe (generated in code),no
sfx_ward_break_2.wav,sfx ward break 2,tools/gen_audio.gd,original,Bar Moshe (generated in code),no
sfx_ward_up.wav,sfx ward up,tools/gen_audio.gd,original,Bar Moshe (generated in code),no
sfx_ward_up_2.wav,sfx ward up 2,tools/gen_audio.gd,original,Bar Moshe (generated in code),no
sfx_weak_open.wav,sfx weak open,tools/gen_audio.gd,original,Bar Moshe (generated in code),no
sting_boss.wav,sting boss,tools/gen_music.gd,original,Bar Moshe (generated in code),no
sting_boss_down.wav,sting boss down,tools/gen_music.gd,original,Bar Moshe (generated in code),no
sting_clear.wav,sting clear,tools/gen_music.gd,original,Bar Moshe (generated in code),no
sting_clear_foundry.wav,sting clear foundry,tools/gen_music.gd,original,Bar Moshe (generated in code),no
sting_clear_grove.wav,sting clear grove,tools/gen_music.gd,original,Bar Moshe (generated in code),no
sting_clear_kernel.wav,sting clear kernel,tools/gen_music.gd,original,Bar Moshe (generated in code),no
sting_defeat.wav,sting defeat,tools/gen_music.gd,original,Bar Moshe (generated in code),no
sting_glitch.wav,sting glitch,tools/gen_music.gd,original,Bar Moshe (generated in code),no
sting_reward.wav,sting reward,tools/gen_music.gd,original,Bar Moshe (generated in code),no
sting_reward_foundry.wav,sting reward foundry,tools/gen_music.gd,original,Bar Moshe (generated in code),no
sting_reward_grove.wav,sting reward grove,tools/gen_music.gd,original,Bar Moshe (generated in code),no
sting_reward_kernel.wav,sting reward kernel,tools/gen_music.gd,original,Bar Moshe (generated in code),no
sting_victory.wav,sting victory,tools/gen_music.gd,original,Bar Moshe (generated in code),no
sting_world.wav,sting world,tools/gen_music.gd,original,Bar Moshe (generated in code),no
sting_world_kernel.wav,sting world kernel,tools/gen_music.gd,original,Bar Moshe (generated in code),no
